{
    "title": "A Manifesto for the Social Economy Showcase",
    "description": "On 13th November we came together for an evening of engagement, enjoyment, and exploration as we heard about the commitments that some of the people of Brigh...",
    "url": "https://www.youtube.com/watch?v=Y8aFhq7fYIk",
    "feeds": [],
    "image": "https://i.ytimg.com/vi/Y8aFhq7fYIk/hqdefault.jpg",
    "code": "<iframe width=\"1920\" height=\"1080\" src=\"https://www.youtube.com/embed/Y8aFhq7fYIk?feature=oembed\" frameborder=\"0\" allow=\"accelerometer; autoplay; clipboard-write; encrypted-media; gyroscope; picture-in-picture; web-share\" referrerpolicy=\"strict-origin-when-cross-origin\" allowfullscreen title=\"A Manifesto for the Social Economy Showcase\"></iframe>",
    "width": 1920,
    "height": 1080,
    "aspectRatio": 56.25,
    "authorName": "Enterprise With Meaning",
    "authorUrl": "https://www.youtube.com/@enterprisewithmeaning506",
    "providerIcon": "https://www.youtube.com/s/desktop/26a583e4/img/logos/favicon_144x144.png",
    "providerName": "YouTube",
    "providerUrl": "https://www.youtube.com/",
    "publishedTime": "2019-11-25",
    "license": null,
    "cms": null,
    "favicon": "https://www.youtube.com/s/desktop/26a583e4/img/logos/favicon.ico",
    "keywords": [
        "social enterprise",
        "good business",
        "cooperatives",
        "community"
    ],
    "language": "en-GB",
    "languages": [],
    "redirect": "",
    "type": "video"
}