{
    "title": "Changing Places",
    "description": "Social ventures are making a remarkable difference across the UK.Our documentary series shares the stories of entrepreneurs who are solving problems in their...",
    "url": "https://www.youtube.com/watch?v=XXOLjzs7V1M",
    "feeds": [],
    "image": "https://i.ytimg.com/vi/XXOLjzs7V1M/hqdefault.jpg",
    "code": "<iframe width=\"1920\" height=\"1080\" src=\"https://www.youtube.com/embed/XXOLjzs7V1M?feature=oembed\" frameborder=\"0\" allow=\"accelerometer; autoplay; clipboard-write; encrypted-media; gyroscope; picture-in-picture; web-share\" referrerpolicy=\"strict-origin-when-cross-origin\" allowfullscreen title=\"Changing Places\"></iframe>",
    "width": 1920,
    "height": 1080,
    "aspectRatio": 56.25,
    "authorName": "UnLtd For Social Entrepreneurs",
    "authorUrl": "https://www.youtube.com/@UnLtdVideos",
    "providerIcon": "https://www.youtube.com/s/desktop/26a583e4/img/logos/favicon_144x144.png",
    "providerName": "YouTube",
    "providerUrl": "https://www.youtube.com/",
    "publishedTime": "2020-05-21",
    "license": null,
    "cms": null,
    "favicon": "https://www.youtube.com/s/desktop/26a583e4/img/logos/favicon.ico",
    "keywords": [
        "social entrepreneurs",
        "uk social sector",
        "unltd",
        "charity documentary",
        "social enterprise",
        "community enterprise",
        "community projects",
        "social change",
        "social prescribing",
        "sustainable enterprise",
        "sustainable communities",
        "community innovation"
    ],
    "language": "en-GB",
    "languages": [],
    "redirect": "",
    "type": "video"
}